USE `lilkartoffel`;

DELETE FROM `review_votes`;
DELETE FROM `review_trait_rating`;
DELETE FROM `review_pictures`;
DELETE FROM `reviews`;
DELETE FROM `entities`;
DELETE FROM `traits`;
DELETE FROM `categories`;
DELETE FROM `users`;
DELETE FROM `roles`;

INSERT INTO `roles` (`id`, `name`) VALUES
	(3, 'admin'),
	(1, 'client'),
	(2, 'owner');


INSERT INTO `categories` (`id`, `name`) VALUES
	(1, 'Bar'),
	(2, 'Gym'),
	(4, 'Profession'),
	(5, 'Restaurant'),
	(3, 'Store');


INSERT INTO `users` (`id`, `first_name`, `last_name`, `email`, `password`, `city`, `role_id`) VALUES
	(17, 'Admin', 'Admin', 'admin@gmail.com', '$2y$10$46qVHGO8q9OUPnhLJQflvOEP0iCOoibjwr/kOqzZ1ERjlTuzNpd6q', 'Iasi', 3),
	(18, 'Owner', 'Owner', 'owner@gmail.com', '$2y$10$6TGzVU08dxU1MP5SBwswhO1cmNOeDbJcOpNJemBZFhg0nZWHdBMOy', 'Iasi', 2),
	(19, 'Client', 'Client', 'client@gmail.com', '$2y$10$K130vLNXI5FiqekYR08wue4iZmaViZNXsYMfvNiCzth/PUWFHZ.yu', 'Iasi', 1),
	(20, 'Liam', 'Carter', 'liam.carter@gmail.com', '$2y$10$gk4T.UcAFk8kUCeT8tOPs.J3RCr1LngTqCWyFLvriaSkD5t/Kvayi', 'Iasi', 1),
	(21, 'Emma', 'Johnson', 'emma.johnson@gmail.com', '$2y$10$r9b.0OoFSH/ogqGHxduJiOLNdipBxTm4CpFwg8CZkGsVE9bP5vrLq', 'Iasi', 1),
	(22, 'Noah', 'Bennett', 'noah.bennett@gmail.com', '$2y$10$PdxuSHLZi2QgNCdJnNX/zOr860FdUm9GEwuLdCx903yFPGZ8rkIbq', 'Iasi', 1),
	(23, 'Olivia', 'Parker', 'olivia.parker@gmail.com', '$2y$10$Y2Mdh8CpezCuTYfFYwmqEO9k84tkpz2Jk0RxfNiPYi8RvG7lGAhgm', 'Bucuresti', 1),
	(24, 'Ethan', 'Mitchell', 'ethan.mitchell@gmail.com', '$2y$10$CLQ0OV1chnhUz7dt8j7pE.dNhSowaM4UFNcrOdqxJE0oPKvyNH2L.', 'Bucuresti', 1),
	(25, 'Ava', 'Brooks', 'ava.brooks@gmail.com', '$2y$10$XmF4VstpjUNH9m9Kw7bWzOMLm/Hq9KL/IHv8z8sZgBGO7nbVWGFhq', 'Bucuresti', 1),
	(26, 'Lucas', 'Reed', 'lucas.reed@gmail.com', '$2y$10$FR8B.M7BrHeCEPNDDhOiOOOuS5e2aPJZtzm5RdWKg7WZoQE2W7S8G', 'Bucuresti', 1),
	(27, 'Sophia', 'Turner', 'sophia.turner@gmail.com', '$2y$10$xkvqEAkJHIg8FLCOAoL.4.syBQ6wfY0vWy1qfum6ADeZ/3cA.jy3m', 'Timisoara', 1),
	(28, 'Mason', 'Hayes', 'mason.hayes@gmail.com', '$2y$10$fVFrWTlmIv3e/YtWbCSawux.y9aGTcFoLP6tx8KlDmqeM81KRPqXq', 'Timisoara', 1),
	(29, 'Chloe', 'Morgan', 'chloe.morgan@gmail.com', '$2y$10$hIui1em/cWWlb3rou/jRQerExbWrQb0xPXbTlukQ0zcclp0w0sXMm', 'Timisoara', 1);


INSERT INTO `traits` (`id`, `name`, `category_id`) VALUES
	(1, 'Loud music', 1),
	(2, 'Happy hour', 1),
	(3, 'Cocktail variety', 1),
	(4, 'Crowdedness', 1),
	(5, 'Live music', 1),
	(6, 'Cleanliness', 2),
	(7, 'Modern equipment', 2),
	(8, 'Personal trainers', 2),
	(9, 'Class variety', 2),
	(10, 'Open hours', 2),
	(11, 'Product variety', 3),
	(12, 'Staff friendliness', 3),
	(13, 'Price level', 3),
	(14, 'Clean layout', 3),
	(15, 'Queue time', 3),
	(16, 'Punctuality', 4),
	(17, 'Communication skills', 4),
	(18, 'Professionalism', 4),
	(19, 'Efficiency', 4),
	(20, 'Problem solving', 4),
	(21, 'Food quality', 5),
	(22, 'Service speed', 5),
	(23, 'Ambience', 5),
	(24, 'Menu diversity', 5),
	(25, 'Cleanliness', 5);


INSERT INTO `entities` (`id`, `name`, `description`, `picture`, `owner_id`, `category_id`, `city`, `status`) VALUES
	(23, 'Oddity', 'A stylish speakeasy bar offering signature cocktails and a cozy, intimate vibe. Perfect for late-night conversations and music lovers seeking a unique experience.', '/assets/entities/23.jpg', 18, 1, 'Iasi', 'approved'),
	(24, 'Dead Soldier Speakeasy', 'Hidden behind a nondescript door, this prohibition-style bar is famous for its vintage decor, strong cocktails, and themed nights. A gem for cocktail enthusiasts.', '/assets/entities/24.jpg', 18, 1, 'Iasi', 'approved'),
	(25, 'Manhattan Bar', 'A vibrant spot with upbeat music, affordable drinks, and a youthful crowd. Popular among students and ideal for pre-drinks or weekend parties.', '/assets/entities/25.png', 18, 1, 'Iasi', 'approved'),
	(26, 'Stay Fit Gym', 'Modern gym chain with top equipment, group classes, and flexible memberships. Focused on accessible fitness for everyone, from beginners to experienced athletes.', '/assets/entities/26.png', 18, 2, 'Iasi', 'approved'),
	(27, 'World Class', 'Premium fitness club with state-of-the-art facilities, personal training, swimming pools, and wellness areas. A top choice for professionals and health-conscious clients.', '/assets/entities/27.png', 18, 2, 'Bucuresti', 'approved'),
	(28, 'Arena AquaSport', 'Combines gym, swimming pool, and relaxation zones. Great for families and individuals seeking varied fitness activities in a clean, welcoming environment.', '/assets/entities/28.png', 18, 2, 'Timisoara', 'approved'),
	(29, 'Nike Store', 'Official Nike retailer offering the latest sportswear, shoes, and gear. Well-organized, with expert staff and frequent seasonal promotions.', '/assets/entities/29.jpg', 18, 3, 'Iasi', 'approved'),
	(30, '4F', 'Popular fashion and sportswear brand featuring modern designs, high quality, and fair pricing. Great for outdoor enthusiasts and active lifestyles.', '/assets/entities/30.png', 18, 3, 'Bucuresti', 'approved'),
	(31, 'Seiko Premium Retailer', 'Luxury watch store with elegant collections and expert service. Ideal for collectors and customers looking for timeless, precise craftsmanship', '/assets/entities/31.jpeg', 18, 3, 'Iasi', 'approved'),
	(32, 'HTEC', 'Technology company delivering software solutions for healthcare, fintech, and mobility. Known for innovation, remote opportunities, and international projects.', '/assets/entities/32.jpg', 18, 4, 'Iasi', 'approved'),
	(33, 'Ness Romania', 'Global IT provider with a strong presence in Romania. Offers software engineering, QA, and data services to Fortune 500 clients.', '/assets/entities/33.jpg', 18, 4, 'Timisoara', 'approved'),
	(34, 'Amazon Operations', 'Part of Amazon’s global support services. Specializes in logistics, vendor relations, and content operations. Offers international career growth paths.', '/assets/entities/34.jpeg', 18, 4, 'Iasi', 'approved'),
	(35, 'Cuib', 'Eco-friendly bistro serving local, organic dishes. Great for vegetarians and those supporting sustainability. Cozy and casual atmosphere.', '/assets/entities/35.jpg', 18, 5, 'Iasi', 'approved'),
	(36, 'Vivo Fusion Food Bar', 'Trendy restaurant known for gourmet burgers, fusion sides, and craft drinks. Great for groups and casual dining.', '/assets/entities/36.jpg', 18, 5, 'Bucuresti', 'approved'),
	(37, 'Sky Rooftop Restaurant', 'Elegant rooftop with panoramic views and refined cuisine. Ideal for romantic dinners, business lunches, or sunset cocktails.', '/assets/entities/37.jpg', 18, 5, 'Timisoara', 'approved');


INSERT INTO `reviews` (`id`, `user_id`, `entity_id`, `parent_id`, `description`, `rating`, `created_at`) VALUES
	(1, 27, 23, NULL, 'Loved the vibe, great cocktails!', 3, '2025-05-27 15:44:18'),
	(2, 27, 23, NULL, 'Music was too loud , but drinks made up for it.', 3, '2025-06-15 15:44:18'),
	(3, 24, 23, NULL, 'Loved the vibe , great cocktails!', 4, '2025-05-28 15:44:18'),
	(4, 24, 23, 1, 'Yes, especially the service was top notch.', 3, '2025-06-08 15:44:18'),
	(5, 25, 23, 3, 'Yes, especially the service was top notch.', 3, '2025-06-14 15:44:18'),
	(6, 29, 24, NULL, 'Had amazing music, but a bit crowded.', 3, '2025-06-15 15:44:18'),
	(7, 23, 24, NULL, 'Had amazing music, but a bit crowded.', 3, '2025-05-30 15:44:18'),
	(8, 27, 24, NULL, 'Had amazing music, but a bit crowded.', 4, '2025-06-07 15:44:18'),
	(9, 28, 24, 6, 'Totally agree with you!', 4, '2025-05-21 15:44:18'),
	(10, 23, 24, 7, 'Interesting point. I had a different experience.', 3, '2025-05-24 15:44:18'),
	(11, 24, 25, NULL, 'The atmosphere was perfect for a Friday night.', 4, '2025-06-18 15:44:18'),
	(12, 24, 25, NULL, 'Had amazing music, but a bit crowded.', 5, '2025-06-14 15:44:18'),
	(13, 26, 25, NULL, 'Had amazing music, but a bit crowded.', 5, '2025-06-09 15:44:18'),
	(14, 21, 25, 11, 'Yes, especially the service was top notch.', 5, '2025-06-15 15:44:18'),
	(15, 25, 25, 12, 'Totally agree with you!', 3, '2025-06-10 15:44:18'),
	(16, 29, 26, NULL, 'Has excellent equipment and helpful staff.', 5, '2025-05-31 15:44:18'),
	(17, 29, 26, NULL, 'Has excellent equipment and helpful staff.', 3, '2025-06-15 15:44:18'),
	(18, 29, 26, NULL, 'I always feel energized after a workout.', 3, '2025-06-07 15:44:18'),
	(19, 28, 26, 18, 'Totally agree with you!', 3, '2025-06-15 15:44:18'),
	(20, 27, 26, 16, 'Thanks for the insight, I ll try it out!', 4, '2025-06-10 15:44:18'),
	(21, 25, 27, NULL, 'Has excellent equipment and helpful staff.', 5, '2025-06-08 15:44:18'),
	(22, 23, 27, NULL, 'I always feel energized after a workout.', 4, '2025-05-30 15:44:18'),
	(23, 23, 27, NULL, 'Offers a good mix of cardio and strength training.', 4, '2025-05-29 15:44:18'),
	(24, 29, 27, 22, 'Totally agree with you!', 3, '2025-06-09 15:44:18'),
	(25, 23, 27, 22, 'Yes, especially the service was top notch.', 5, '2025-05-21 15:44:18'),
	(26, 27, 28, NULL, 'Great group classes, very motivating!', 4, '2025-05-26 15:44:18'),
	(27, 25, 28, NULL, 'I always feel energized after a workout.', 4, '2025-05-26 15:44:18'),
	(28, 29, 28, NULL, 'I always feel energized after a workout.', 5, '2025-06-15 15:44:18'),
	(29, 24, 28, 26, 'Haha, had the same thoughts!', 5, '2025-06-08 15:44:18'),
	(30, 21, 28, 26, 'Yes, especially the service was top notch.', 4, '2025-06-10 15:44:18'),
	(31, 24, 29, NULL, 'Has a wide variety of products and fair prices.', 4, '2025-06-11 15:44:18'),
	(32, 28, 29, NULL, 'Has clean aisles and quick checkout.', 3, '2025-06-15 15:44:18'),
	(33, 27, 29, NULL, 'Has clean aisles and quick checkout.', 4, '2025-06-05 15:44:18'),
	(34, 22, 29, 31, 'Yes, especially the service was top notch.', 2, '2025-06-18 15:44:18'),
	(35, 28, 29, 33, 'Interesting point. I had a different experience.', 2, '2025-05-24 15:44:18'),
	(36, 21, 30, NULL, 'Staff are always friendly and helpful.', 3, '2025-05-27 15:44:18'),
	(37, 26, 30, NULL, 'Staff are always friendly and helpful.', 3, '2025-06-07 15:44:18'),
	(38, 28, 30, NULL, 'Staff are always friendly and helpful.', 3, '2025-06-18 15:44:18'),
	(39, 21, 30, 37, 'Yes, especially the service was top notch.', 4, '2025-06-12 15:44:18'),
	(40, 20, 30, 38, 'Thanks for the insight, I ll try it out!', 3, '2025-06-02 15:44:18'),
	(41, 27, 31, NULL, 'Has a wide variety of products and fair prices.', 4, '2025-06-05 15:44:18'),
	(42, 23, 31, NULL, 'Easy to find what I needed.', 3, '2025-06-18 15:44:18'),
	(43, 26, 31, NULL, 'Easy to find what I needed.', 3, '2025-06-18 15:44:18'),
	(44, 22, 31, 43, 'Interesting point. I had a different experience.', 3, '2025-06-14 15:44:18'),
	(45, 21, 31, 42, 'Interesting point. I had a different experience.', 4, '2025-05-26 15:44:18'),
	(46, 20, 32, NULL, 'Was extremely professional and fast.', 3, '2025-06-18 15:44:18'),
	(47, 23, 32, NULL, 'Solved my issue quickly and with care.', 3, '2025-06-01 15:44:18'),
	(48, 22, 32, NULL, 'Great communication and service.', 3, '2025-06-10 15:44:18'),
	(49, 22, 32, 48, 'Thanks for the insight, Ill try it out!', 3, '2025-05-26 15:44:18'),
	(50, 24, 32, 47, 'Haha, had the same thoughts!', 3, '2025-05-21 15:44:18'),
	(51, 27, 33, NULL, 'Great communication and service.', 5, '2025-06-10 15:44:18'),
	(52, 20, 33, NULL, 'Impressed by the punctuality and quality.', 5, '2025-06-14 15:44:18'),
	(53, 29, 33, NULL, 'Solved my issue quickly and with care.', 4, '2025-06-19 15:44:18'),
	(54, 23, 33, 51, 'Totally agree with you!', 4, '2025-06-07 15:44:18'),
	(55, 22, 33, 51, 'Yes, especially the service was top notch.', 4, '2025-06-08 15:44:18'),
	(56, 22, 34, NULL, 'Delivered as promised, very efficient.', 4, '2025-05-25 15:44:18'),
	(57, 29, 34, NULL, 'Was extremely professional and fast.', 2, '2025-06-03 15:44:18'),
	(58, 21, 34, NULL, 'Impressed by the punctuality and quality.', 3, '2025-06-07 15:44:18'),
	(59, 22, 34, 58, 'Haha, had the same thoughts!', 4, '2025-05-24 15:44:18'),
	(60, 25, 34, 58, 'Thanks for the insight, Ill try it out!', 5, '2025-06-02 15:44:18'),
	(61, 28, 35, NULL, 'Serves fresh and flavorful dishes.', 3, '2025-06-03 15:44:18'),
	(62, 28, 35, NULL, 'Perfect date night, excellent wine list.', 4, '2025-05-22 15:44:18'),
	(63, 24, 35, NULL, 'Serves fresh and flavorful dishes.', 4, '2025-06-01 15:44:18'),
	(64, 27, 35, 61, 'Yes, especially the service was top notch.', 3, '2025-05-21 15:44:18'),
	(65, 20, 35, 63, 'Interesting point. I had a different experience.', 3, '2025-06-08 15:44:18'),
	(66, 28, 36, NULL, 'Delicious food and cozy atmosphere.', 4, '2025-06-11 15:44:18'),
	(67, 24, 36, NULL, 'Amazing dining experience, will return.', 2, '2025-06-08 15:44:18'),
	(68, 21, 36, NULL, 'Amazing dining experience, will return.', 3, '2025-06-12 15:44:18'),
	(69, 25, 36, 68, 'Thanks for the insight, I ll try it out!', 3, '2025-05-26 15:44:18'),
	(70, 27, 36, 66, 'Thanks for the insight, I ll try it out!', 2, '2025-06-07 15:44:18'),
	(71, 27, 37, NULL, 'Perfect date night, excellent wine list.', 4, '2025-06-13 15:44:18'),
	(72, 22, 37, NULL, 'Delicious food and cozy atmosphere.', 3, '2025-06-12 15:44:18'),
	(73, 20, 37, NULL, 'Amazing dining experience, will return.', 5, '2025-06-04 15:44:18'),
	(74, 29, 37, 73, 'Interesting point. I had a different experience.', 2, '2025-06-12 15:44:18'),
	(75, 29, 37, 72, 'Totally agree with you!', 5, '2025-06-08 15:44:18');


INSERT INTO `review_trait_rating` (`id`, `review_id`, `trait_id`, `rating`) VALUES
	(83, 1, 1, 3),
	(84, 1, 2, 2),
	(85, 1, 3, 2),
	(86, 1, 4, 2),
	(87, 1, 5, 3),
	(88, 2, 1, 5),
	(89, 2, 2, 4),
	(90, 2, 3, 4),
	(91, 2, 4, 3),
	(92, 2, 5, 4),
	(93, 3, 1, 4),
	(94, 3, 2, 3),
	(95, 3, 3, 2),
	(96, 3, 4, 4),
	(97, 3, 5, 5),
	(98, 4, 1, 4),
	(99, 4, 2, 4),
	(100, 4, 3, 4),
	(101, 4, 4, 4),
	(102, 4, 5, 4),
	(103, 5, 1, 3),
	(104, 5, 2, 3),
	(105, 5, 3, 3),
	(106, 5, 4, 5),
	(107, 5, 5, 4),
	(108, 6, 1, 5),
	(109, 6, 2, 2),
	(110, 6, 3, 3),
	(111, 6, 4, 4),
	(112, 6, 5, 3),
	(113, 7, 1, 5),
	(114, 7, 2, 4),
	(115, 7, 3, 4),
	(116, 7, 4, 3),
	(117, 7, 5, 5),
	(118, 8, 1, 2),
	(119, 8, 2, 3),
	(120, 8, 3, 4),
	(121, 8, 4, 2),
	(122, 8, 5, 2),
	(123, 9, 1, 4),
	(124, 9, 2, 3),
	(125, 9, 3, 4),
	(126, 9, 4, 5),
	(127, 9, 5, 4),
	(128, 10, 1, 4),
	(129, 10, 2, 3),
	(130, 10, 3, 4),
	(131, 10, 4, 2),
	(132, 10, 5, 4),
	(133, 11, 1, 5),
	(134, 11, 2, 2),
	(135, 11, 3, 3),
	(136, 11, 4, 2),
	(137, 11, 5, 2),
	(138, 12, 1, 4),
	(139, 12, 2, 3),
	(140, 12, 3, 4),
	(141, 12, 4, 4),
	(142, 12, 5, 4),
	(143, 13, 1, 3),
	(144, 13, 2, 4),
	(145, 13, 3, 3),
	(146, 13, 4, 4),
	(147, 13, 5, 4),
	(148, 14, 1, 3),
	(149, 14, 2, 3),
	(150, 14, 3, 3),
	(151, 14, 4, 3),
	(152, 14, 5, 4),
	(153, 15, 1, 5),
	(154, 15, 2, 3),
	(155, 15, 3, 2),
	(156, 15, 4, 2),
	(157, 15, 5, 2),
	(158, 16, 6, 4),
	(159, 16, 7, 3),
	(160, 16, 8, 2),
	(161, 16, 9, 4),
	(162, 16, 10, 3),
	(163, 17, 6, 4),
	(164, 17, 7, 2),
	(165, 17, 8, 2),
	(166, 17, 9, 3),
	(167, 17, 10, 2),
	(168, 18, 6, 4),
	(169, 18, 7, 4),
	(170, 18, 8, 4),
	(171, 18, 9, 5),
	(172, 18, 10, 4),
	(173, 19, 6, 3),
	(174, 19, 7, 2),
	(175, 19, 8, 4),
	(176, 19, 9, 2),
	(177, 19, 10, 4),
	(178, 20, 6, 3),
	(179, 20, 7, 3),
	(180, 20, 8, 4),
	(181, 20, 9, 5),
	(182, 20, 10, 4),
	(183, 21, 6, 2),
	(184, 21, 7, 4),
	(185, 21, 8, 5),
	(186, 21, 9, 2),
	(187, 21, 10, 4),
	(188, 22, 6, 2),
	(189, 22, 7, 2),
	(190, 22, 8, 4),
	(191, 22, 9, 4),
	(192, 22, 10, 3),
	(193, 23, 6, 2),
	(194, 23, 7, 4),
	(195, 23, 8, 2),
	(196, 23, 9, 5),
	(197, 23, 10, 4),
	(198, 24, 6, 3),
	(199, 24, 7, 5),
	(200, 24, 8, 4),
	(201, 24, 9, 2),
	(202, 24, 10, 5),
	(203, 25, 6, 4),
	(204, 25, 7, 4),
	(205, 25, 8, 5),
	(206, 25, 9, 3),
	(207, 25, 10, 4),
	(208, 26, 6, 5),
	(209, 26, 7, 3),
	(210, 26, 8, 4),
	(211, 26, 9, 2),
	(212, 26, 10, 2),
	(213, 27, 6, 5),
	(214, 27, 7, 4),
	(215, 27, 8, 4),
	(216, 27, 9, 4),
	(217, 27, 10, 4),
	(218, 28, 6, 4),
	(219, 28, 7, 5),
	(220, 28, 8, 4),
	(221, 28, 9, 2),
	(222, 28, 10, 3),
	(223, 29, 6, 4),
	(224, 29, 7, 4),
	(225, 29, 8, 4),
	(226, 29, 9, 4),
	(227, 29, 10, 4),
	(228, 30, 6, 3),
	(229, 30, 7, 2),
	(230, 30, 8, 4),
	(231, 30, 9, 4),
	(232, 30, 10, 3),
	(233, 31, 11, 3),
	(234, 31, 12, 2),
	(235, 31, 13, 5),
	(236, 31, 14, 3),
	(237, 31, 15, 4),
	(238, 32, 11, 4),
	(239, 32, 12, 2),
	(240, 32, 13, 5),
	(241, 32, 14, 2),
	(242, 32, 15, 5),
	(243, 33, 11, 5),
	(244, 33, 12, 4),
	(245, 33, 13, 2),
	(246, 33, 14, 4),
	(247, 33, 15, 3),
	(248, 34, 11, 3),
	(249, 34, 12, 3),
	(250, 34, 13, 4),
	(251, 34, 14, 3),
	(252, 34, 15, 4),
	(253, 35, 11, 3),
	(254, 35, 12, 2),
	(255, 35, 13, 3),
	(256, 35, 14, 4),
	(257, 35, 15, 5),
	(258, 36, 11, 4),
	(259, 36, 12, 3),
	(260, 36, 13, 4),
	(261, 36, 14, 5),
	(262, 36, 15, 3),
	(263, 37, 11, 4),
	(264, 37, 12, 3),
	(265, 37, 13, 4),
	(266, 37, 14, 3),
	(267, 37, 15, 2),
	(268, 38, 11, 3),
	(269, 38, 12, 5),
	(270, 38, 13, 4),
	(271, 38, 14, 3),
	(272, 38, 15, 3),
	(273, 39, 11, 2),
	(274, 39, 12, 3),
	(275, 39, 13, 5),
	(276, 39, 14, 5),
	(277, 39, 15, 2),
	(278, 40, 11, 3),
	(279, 40, 12, 2),
	(280, 40, 13, 2),
	(281, 40, 14, 4),
	(282, 40, 15, 3),
	(283, 41, 11, 2),
	(284, 41, 12, 2),
	(285, 41, 13, 3),
	(286, 41, 14, 2),
	(287, 41, 15, 2),
	(288, 42, 11, 4),
	(289, 42, 12, 4),
	(290, 42, 13, 3),
	(291, 42, 14, 3),
	(292, 42, 15, 2),
	(293, 43, 11, 3),
	(294, 43, 12, 5),
	(295, 43, 13, 4),
	(296, 43, 14, 5),
	(297, 43, 15, 4),
	(298, 44, 11, 4),
	(299, 44, 12, 2),
	(300, 44, 13, 5),
	(301, 44, 14, 3),
	(302, 44, 15, 3),
	(303, 45, 11, 4),
	(304, 45, 12, 2),
	(305, 45, 13, 5),
	(306, 45, 14, 3),
	(307, 45, 15, 5),
	(308, 46, 16, 4),
	(309, 46, 17, 4),
	(310, 46, 18, 5),
	(311, 46, 19, 5),
	(312, 46, 20, 4),
	(313, 47, 16, 5),
	(314, 47, 17, 5),
	(315, 47, 18, 4),
	(316, 47, 19, 2),
	(317, 47, 20, 3),
	(318, 48, 16, 4),
	(319, 48, 17, 5),
	(320, 48, 18, 4),
	(321, 48, 19, 5),
	(322, 48, 20, 5),
	(323, 49, 16, 5),
	(324, 49, 17, 3),
	(325, 49, 18, 2),
	(326, 49, 19, 4),
	(327, 49, 20, 5),
	(328, 50, 16, 2),
	(329, 50, 17, 5),
	(330, 50, 18, 5),
	(331, 50, 19, 4),
	(332, 50, 20, 3),
	(333, 51, 16, 2),
	(334, 51, 17, 2),
	(335, 51, 18, 4),
	(336, 51, 19, 2),
	(337, 51, 20, 4),
	(338, 52, 16, 3),
	(339, 52, 17, 3),
	(340, 52, 18, 4),
	(341, 52, 19, 4),
	(342, 52, 20, 4),
	(343, 53, 16, 3),
	(344, 53, 17, 3),
	(345, 53, 18, 2),
	(346, 53, 19, 3),
	(347, 53, 20, 4),
	(348, 54, 16, 5),
	(349, 54, 17, 2),
	(350, 54, 18, 3),
	(351, 54, 19, 3),
	(352, 54, 20, 4),
	(353, 55, 16, 4),
	(354, 55, 17, 3),
	(355, 55, 18, 4),
	(356, 55, 19, 5),
	(357, 55, 20, 2),
	(358, 56, 16, 5),
	(359, 56, 17, 3),
	(360, 56, 18, 3),
	(361, 56, 19, 5),
	(362, 56, 20, 5),
	(363, 57, 16, 4),
	(364, 57, 17, 4),
	(365, 57, 18, 3),
	(366, 57, 19, 3),
	(367, 57, 20, 3),
	(368, 58, 16, 3),
	(369, 58, 17, 4),
	(370, 58, 18, 4),
	(371, 58, 19, 3),
	(372, 58, 20, 4),
	(373, 59, 16, 3),
	(374, 59, 17, 2),
	(375, 59, 18, 4),
	(376, 59, 19, 3),
	(377, 59, 20, 3),
	(378, 60, 16, 4),
	(379, 60, 17, 3),
	(380, 60, 18, 3),
	(381, 60, 19, 5),
	(382, 60, 20, 4),
	(383, 61, 21, 3),
	(384, 61, 22, 4),
	(385, 61, 23, 5),
	(386, 61, 24, 5),
	(387, 61, 25, 2),
	(388, 62, 21, 3),
	(389, 62, 22, 4),
	(390, 62, 23, 3),
	(391, 62, 24, 2),
	(392, 62, 25, 3),
	(393, 63, 21, 4),
	(394, 63, 22, 2),
	(395, 63, 23, 5),
	(396, 63, 24, 3),
	(397, 63, 25, 5),
	(398, 64, 21, 3),
	(399, 64, 22, 3),
	(400, 64, 23, 4),
	(401, 64, 24, 3),
	(402, 64, 25, 2),
	(403, 65, 21, 4),
	(404, 65, 22, 2),
	(405, 65, 23, 3),
	(406, 65, 24, 4),
	(407, 65, 25, 2),
	(408, 66, 21, 2),
	(409, 66, 22, 2),
	(410, 66, 23, 4),
	(411, 66, 24, 3),
	(412, 66, 25, 3),
	(413, 67, 21, 3),
	(414, 67, 22, 2),
	(415, 67, 23, 3),
	(416, 67, 24, 4),
	(417, 67, 25, 3),
	(418, 68, 21, 4),
	(419, 68, 22, 5),
	(420, 68, 23, 2),
	(421, 68, 24, 3),
	(422, 68, 25, 4),
	(423, 69, 21, 3),
	(424, 69, 22, 5),
	(425, 69, 23, 3),
	(426, 69, 24, 4),
	(427, 69, 25, 4),
	(428, 70, 21, 2),
	(429, 70, 22, 3),
	(430, 70, 23, 3),
	(431, 70, 24, 3),
	(432, 70, 25, 3),
	(433, 71, 21, 3),
	(434, 71, 22, 3),
	(435, 71, 23, 3),
	(436, 71, 24, 5),
	(437, 71, 25, 3),
	(438, 72, 21, 4),
	(439, 72, 22, 4),
	(440, 72, 23, 5),
	(441, 72, 24, 2),
	(442, 72, 25, 3),
	(443, 73, 21, 3),
	(444, 73, 22, 4),
	(445, 73, 23, 3);


INSERT INTO `review_votes` (`id`, `review_id`, `user_id`, `vote_type`, `created_at`) VALUES
	(22, 46, 17, 'like', '2025-06-20 15:58:29'),
	(23, 48, 17, 'like', '2025-06-20 15:58:30'),
	(24, 47, 17, 'dislike', '2025-06-20 15:58:32'),
	(25, 2, 17, 'like', '2025-06-20 15:58:40'),
	(28, 3, 17, 'dislike', '2025-06-20 15:58:43'),
	(29, 32, 17, 'like', '2025-06-20 15:58:50'),
	(31, 33, 17, 'dislike', '2025-06-20 15:58:52');


